[{"pk": 1, "model": "contenttypes.contenttype", "fields": {"model": "logentry", "name": "log entry", "app_label": "admin"}}, {"pk": 2, "model": "contenttypes.contenttype", "fields": {"model": "permission", "name": "permission", "app_label": "auth"}}, {"pk": 3, "model": "contenttypes.contenttype", "fields": {"model": "group", "name": "group", "app_label": "auth"}}, {"pk": 4, "model": "contenttypes.contenttype", "fields": {"model": "user", "name": "user", "app_label": "auth"}}, {"pk": 5, "model": "contenttypes.contenttype", "fields": {"model": "contenttype", "name": "content type", "app_label": "contenttypes"}}, {"pk": 6, "model": "contenttypes.contenttype", "fields": {"model": "session", "name": "session", "app_label": "sessions"}}, {"pk": 7, "model": "contenttypes.contenttype", "fields": {"model": "eventcategory", "name": "event category", "app_label": "event"}}, {"pk": 8, "model": "contenttypes.contenttype", "fields": {"model": "eventtype", "name": "event type", "app_label": "event"}}, {"pk": 9, "model": "contenttypes.contenttype", "fields": {"model": "event", "name": "event", "app_label": "event"}}, {"pk": 10, "model": "contenttypes.contenttype", "fields": {"model": "link", "name": "link", "app_label": "link"}}, {"pk": 11, "model": "contenttypes.contenttype", "fields": {"model": "invite", "name": "invite", "app_label": "link"}}, {"pk": 12, "model": "contenttypes.contenttype", "fields": {"model": "userprofile", "name": "user profile", "app_label": "userprofile"}}, {"pk": 13, "model": "contenttypes.contenttype", "fields": {"model": "userposition", "name": "user position", "app_label": "userprofile"}}, {"pk": 14, "model": "contenttypes.contenttype", "fields": {"model": "apiaccess", "name": "api access", "app_label": "tastypie"}}, {"pk": 15, "model": "contenttypes.contenttype", "fields": {"model": "apikey", "name": "api key", "app_label": "tastypie"}}, {"pk": "l0ggz3l1id4dg6w9u46lzk95zs6yom9p", "model": "sessions.session", "fields": {"expire_date": "2014-05-02T19:19:35.023Z", "session_data": "MDI2ZThiNjNjODM2NmJmNjc2YzhkNzJlMzQwZDI0OTc4MjVhNjZlZTp7Il9hdXRoX3VzZXJfYmFja2VuZCI6ImRqYW5nby5jb250cmliLmF1dGguYmFja2VuZHMuTW9kZWxCYWNrZW5kIiwiX2F1dGhfdXNlcl9pZCI6OX0="}}, {"pk": 1, "model": "event.eventcategory", "fields": {"order": null, "description": "", "short_name": "culture", "title": "me cultiver"}}, {"pk": 2, "model": "event.eventcategory", "fields": {"order": null, "description": "", "short_name": "sport", "title": "faire du sport"}}, {"pk": 3, "model": "event.eventcategory", "fields": {"order": null, "description": "", "short_name": "f\u00eate", "title": "faire la f\u00eate"}}, {"pk": 4, "model": "event.eventcategory", "fields": {"order": null, "description": "", "short_name": "plein air", "title": "plein air"}}, {"pk": 5, "model": "event.eventcategory", "fields": {"order": null, "description": "", "short_name": "repas", "title": "d\u00e9jeuner, diner"}}, {"pk": 6, "model": "event.eventcategory", "fields": {"order": null, "description": "", "short_name": "verre", "title": "boire un verre, un caf\u00e9"}}, {"pk": 1, "model": "event.eventtype", "fields": {"category": [3, 6], "order": null, "description": "", "short_name": "bi\u00e8re", "title": "boire une bi\u00e8re"}}, {"pk": 2, "model": "event.eventtype", "fields": {"category": [3, 6], "order": null, "description": "", "short_name": "caf\u00e9", "title": "prendre un caf\u00e9"}}, {"pk": 3, "model": "event.eventtype", "fields": {"category": [6], "order": null, "description": "", "short_name": "th\u00e9", "title": "salon de th\u00e9"}}, {"pk": 4, "model": "event.eventtype", "fields": {"category": [6], "order": null, "description": "", "short_name": "terrasse", "title": "en terrasse"}}, {"pk": 5, "model": "event.eventtype", "fields": {"category": [1], "order": null, "description": "", "short_name": "cin\u00e9ma", "title": "aller au cin\u00e9ma"}}, {"pk": 6, "model": "event.eventtype", "fields": {"category": [1], "order": null, "description": "", "short_name": "th\u00e9\u00e2tre", "title": "aller au th\u00e9\u00e2tre"}}, {"pk": 7, "model": "event.eventtype", "fields": {"category": [2], "order": null, "description": "", "short_name": "tennis", "title": "tennis"}}, {"pk": 8, "model": "event.eventtype", "fields": {"category": [2], "order": null, "description": "", "short_name": "foot", "title": "foot"}}, {"pk": 9, "model": "event.eventtype", "fields": {"category": [4], "order": null, "description": "", "short_name": "parc", "title": "aller dans un parc"}}, {"pk": 10, "model": "event.eventtype", "fields": {"category": [4], "order": null, "description": "", "short_name": "for\u00eat", "title": "faire une balade en for\u00eat"}}, {"pk": 1, "model": "auth.permission", "fields": {"codename": "add_logentry", "name": "Can add log entry", "content_type": 1}}, {"pk": 2, "model": "auth.permission", "fields": {"codename": "change_logentry", "name": "Can change log entry", "content_type": 1}}, {"pk": 3, "model": "auth.permission", "fields": {"codename": "delete_logentry", "name": "Can delete log entry", "content_type": 1}}, {"pk": 4, "model": "auth.permission", "fields": {"codename": "add_permission", "name": "Can add permission", "content_type": 2}}, {"pk": 5, "model": "auth.permission", "fields": {"codename": "change_permission", "name": "Can change permission", "content_type": 2}}, {"pk": 6, "model": "auth.permission", "fields": {"codename": "delete_permission", "name": "Can delete permission", "content_type": 2}}, {"pk": 7, "model": "auth.permission", "fields": {"codename": "add_group", "name": "Can add group", "content_type": 3}}, {"pk": 8, "model": "auth.permission", "fields": {"codename": "change_group", "name": "Can change group", "content_type": 3}}, {"pk": 9, "model": "auth.permission", "fields": {"codename": "delete_group", "name": "Can delete group", "content_type": 3}}, {"pk": 10, "model": "auth.permission", "fields": {"codename": "add_user", "name": "Can add user", "content_type": 4}}, {"pk": 11, "model": "auth.permission", "fields": {"codename": "change_user", "name": "Can change user", "content_type": 4}}, {"pk": 12, "model": "auth.permission", "fields": {"codename": "delete_user", "name": "Can delete user", "content_type": 4}}, {"pk": 13, "model": "auth.permission", "fields": {"codename": "add_contenttype", "name": "Can add content type", "content_type": 5}}, {"pk": 14, "model": "auth.permission", "fields": {"codename": "change_contenttype", "name": "Can change content type", "content_type": 5}}, {"pk": 15, "model": "auth.permission", "fields": {"codename": "delete_contenttype", "name": "Can delete content type", "content_type": 5}}, {"pk": 16, "model": "auth.permission", "fields": {"codename": "add_session", "name": "Can add session", "content_type": 6}}, {"pk": 17, "model": "auth.permission", "fields": {"codename": "change_session", "name": "Can change session", "content_type": 6}}, {"pk": 18, "model": "auth.permission", "fields": {"codename": "delete_session", "name": "Can delete session", "content_type": 6}}, {"pk": 19, "model": "auth.permission", "fields": {"codename": "add_eventcategory", "name": "Can add event category", "content_type": 7}}, {"pk": 20, "model": "auth.permission", "fields": {"codename": "change_eventcategory", "name": "Can change event category", "content_type": 7}}, {"pk": 21, "model": "auth.permission", "fields": {"codename": "delete_eventcategory", "name": "Can delete event category", "content_type": 7}}, {"pk": 22, "model": "auth.permission", "fields": {"codename": "add_eventtype", "name": "Can add event type", "content_type": 8}}, {"pk": 23, "model": "auth.permission", "fields": {"codename": "change_eventtype", "name": "Can change event type", "content_type": 8}}, {"pk": 24, "model": "auth.permission", "fields": {"codename": "delete_eventtype", "name": "Can delete event type", "content_type": 8}}, {"pk": 25, "model": "auth.permission", "fields": {"codename": "add_event", "name": "Can add event", "content_type": 9}}, {"pk": 26, "model": "auth.permission", "fields": {"codename": "change_event", "name": "Can change event", "content_type": 9}}, {"pk": 27, "model": "auth.permission", "fields": {"codename": "delete_event", "name": "Can delete event", "content_type": 9}}, {"pk": 28, "model": "auth.permission", "fields": {"codename": "add_link", "name": "Can add link", "content_type": 10}}, {"pk": 29, "model": "auth.permission", "fields": {"codename": "change_link", "name": "Can change link", "content_type": 10}}, {"pk": 30, "model": "auth.permission", "fields": {"codename": "delete_link", "name": "Can delete link", "content_type": 10}}, {"pk": 31, "model": "auth.permission", "fields": {"codename": "add_invite", "name": "Can add invite", "content_type": 11}}, {"pk": 32, "model": "auth.permission", "fields": {"codename": "change_invite", "name": "Can change invite", "content_type": 11}}, {"pk": 33, "model": "auth.permission", "fields": {"codename": "delete_invite", "name": "Can delete invite", "content_type": 11}}, {"pk": 34, "model": "auth.permission", "fields": {"codename": "add_userprofile", "name": "Can add user profile", "content_type": 12}}, {"pk": 35, "model": "auth.permission", "fields": {"codename": "change_userprofile", "name": "Can change user profile", "content_type": 12}}, {"pk": 36, "model": "auth.permission", "fields": {"codename": "delete_userprofile", "name": "Can delete user profile", "content_type": 12}}, {"pk": 37, "model": "auth.permission", "fields": {"codename": "add_userposition", "name": "Can add user position", "content_type": 13}}, {"pk": 38, "model": "auth.permission", "fields": {"codename": "change_userposition", "name": "Can change user position", "content_type": 13}}, {"pk": 39, "model": "auth.permission", "fields": {"codename": "delete_userposition", "name": "Can delete user position", "content_type": 13}}, {"pk": 40, "model": "auth.permission", "fields": {"codename": "add_apiaccess", "name": "Can add api access", "content_type": 14}}, {"pk": 41, "model": "auth.permission", "fields": {"codename": "change_apiaccess", "name": "Can change api access", "content_type": 14}}, {"pk": 42, "model": "auth.permission", "fields": {"codename": "delete_apiaccess", "name": "Can delete api access", "content_type": 14}}, {"pk": 43, "model": "auth.permission", "fields": {"codename": "add_apikey", "name": "Can add api key", "content_type": 15}}, {"pk": 44, "model": "auth.permission", "fields": {"codename": "change_apikey", "name": "Can change api key", "content_type": 15}}, {"pk": 45, "model": "auth.permission", "fields": {"codename": "delete_apikey", "name": "Can delete api key", "content_type": 15}}, {"pk": 1, "model": "auth.group", "fields": {"name": "standard", "permissions": [25, 26, 27]}}, {"pk": 1, "model": "auth.user", "fields": {"username": "john", "first_name": "", "last_name": "", "is_active": true, "is_superuser": false, "is_staff": false, "last_login": "2014-04-18T19:29:10Z", "groups": [1], "user_permissions": [], "password": "pbkdf2_sha256$12000$qxjEZbpLXgK6$cTyS03Qlokz/KcajEBXraFIJgHMF9VFXXtF4T0hFSfE=", "email": "", "date_joined": "2014-04-18T19:29:10Z"}}, {"pk": 2, "model": "auth.user", "fields": {"username": "jack", "first_name": "", "last_name": "", "is_active": true, "is_superuser": false, "is_staff": false, "last_login": "2014-04-18T19:29:10Z", "groups": [1], "user_permissions": [], "password": "pbkdf2_sha256$12000$kEFcEsegQIFW$2Tw1KIq0gy+dY73kZpl6VSUUXXQ/gU+go9vKoOHlyNY=", "email": "", "date_joined": "2014-04-18T19:29:10Z"}}, {"pk": 3, "model": "auth.user", "fields": {"username": "dick", "first_name": "", "last_name": "", "is_active": true, "is_superuser": false, "is_staff": false, "last_login": "2014-04-18T19:29:10Z", "groups": [1], "user_permissions": [], "password": "pbkdf2_sha256$12000$GhREXYpEZka5$UIrlkurVeRJlkbQwzpVfUCQM4VCTPvBB3z1dIIgKKDo=", "email": "", "date_joined": "2014-04-18T19:29:10Z"}}, {"pk": 4, "model": "auth.user", "fields": {"username": "alex", "first_name": "", "last_name": "", "is_active": true, "is_superuser": false, "is_staff": false, "last_login": "2014-04-18T19:29:10Z", "groups": [1], "user_permissions": [], "password": "pbkdf2_sha256$12000$54OzPILmENkK$g7dcYHMyfKhcQPtspoT/wr9B7Jj+Awk/j63cQTbzv5o=", "email": "", "date_joined": "2014-04-18T19:29:10Z"}}, {"pk": 5, "model": "auth.user", "fields": {"username": "chuck", "first_name": "", "last_name": "", "is_active": true, "is_superuser": false, "is_staff": false, "last_login": "2014-04-18T19:29:10Z", "groups": [1], "user_permissions": [], "password": "pbkdf2_sha256$12000$iWwoUPpnPSqZ$I787veKxZD8y8OQZuCuFDoCmCL+UTf2GkNzpcw7vOcE=", "email": "", "date_joined": "2014-04-18T19:29:10Z"}}, {"pk": 6, "model": "auth.user", "fields": {"username": "mike", "first_name": "", "last_name": "", "is_active": true, "is_superuser": false, "is_staff": false, "last_login": "2014-04-18T19:29:10Z", "groups": [1], "user_permissions": [], "password": "pbkdf2_sha256$12000$hjS4occq9HRZ$JWeu22C/e+N7EBYtWsddoUWCwV4hdqtUuSpdAKgAbYA=", "email": "", "date_joined": "2014-04-18T19:29:10Z"}}, {"pk": 7, "model": "auth.user", "fields": {"username": "charles", "first_name": "", "last_name": "", "is_active": true, "is_superuser": false, "is_staff": false, "last_login": "2014-04-18T19:29:10Z", "groups": [1], "user_permissions": [], "password": "pbkdf2_sha256$12000$TimXPrR68yoC$Wl2YxI0Lij17JN5LgwRDopi3dL5hPiXLAqdY3CvMwB4=", "email": "", "date_joined": "2014-04-18T19:29:10Z"}}, {"pk": 8, "model": "auth.user", "fields": {"username": "michael", "first_name": "", "last_name": "", "is_active": true, "is_superuser": false, "is_staff": false, "last_login": "2014-04-18T19:29:10Z", "groups": [1], "user_permissions": [], "password": "pbkdf2_sha256$12000$nezpJapycYhM$P5P1LVcdrqwB47W1KFMiXWWbnjaVe2O31yUCFMYIm/8=", "email": "", "date_joined": "2014-04-18T19:29:10Z"}}, {"pk": 9, "model": "auth.user", "fields": {"username": "toto", "first_name": "", "last_name": "", "is_active": true, "is_superuser": true, "is_staff": true, "last_login": "2014-04-18T19:19:35Z", "groups": [1], "user_permissions": [], "password": "pbkdf2_sha256$12000$OpI6cpr4jPO6$QiLoxu0x6DTDHMxjtUHYxMr/dmy6eajdiqym7Vkr3SU=", "email": "", "date_joined": "2014-04-18T19:17:48Z"}}, {"pk": 1, "model": "event.event", "fields": {"comment": "", "end": "2014-04-11T19:00:00Z", "event_type": 1, "title": "let's have a beer", "start": "2014-04-11T18:00:00Z", "participants": [2, 3], "owner": 1, "position": "48.790367,2.055572", "special": false}}, {"pk": 2, "model": "event.event", "fields": {"comment": "", "end": "2014-04-12T15:00:00Z", "event_type": 2, "title": "cofee time?", "start": "2014-04-12T14:00:00Z", "participants": [3, 4], "owner": 2, "position": "48.890367,2.155572", "special": false}}, {"pk": 3, "model": "event.event", "fields": {"comment": "", "end": "2014-04-13T15:00:00Z", "event_type": 3, "title": "with a milk cloud", "start": "2014-04-13T14:00:00Z", "participants": [1, 5], "owner": 3, "position": "47.990367,3.155572", "special": false}}, {"pk": 4, "model": "event.event", "fields": {"comment": "", "end": null, "event_type": 3, "title": "cup of tea", "start": "2014-04-14T14:00:00Z", "participants": [4, 5], "owner": 3, "position": "47.990367,3.155572", "special": false}}, {"pk": 5, "model": "event.event", "fields": {"comment": "", "end": null, "event_type": 4, "title": "au soleil", "start": "2014-04-15T14:00:00Z", "participants": [3, 5], "owner": 2, "position": "48.120367,2.555572", "special": false}}, {"pk": 6, "model": "event.event", "fields": {"comment": "", "end": null, "event_type": 5, "title": "drink?", "start": "2014-04-16T14:00:00Z", "participants": [], "owner": 1, "position": "48.020367,3.355572", "special": false}}, {"pk": 7, "model": "event.event", "fields": {"comment": "", "end": null, "event_type": 1, "title": "", "start": "2014-04-18T21:18:09.340Z", "participants": [], "owner": 9, "position": "", "special": false}}, {"pk": 8, "model": "event.event", "fields": {"comment": "", "end": null, "event_type": 2, "title": "", "start": "2014-04-18T21:18:09.446Z", "participants": [], "owner": 9, "position": "", "special": false}}, {"pk": 9, "model": "event.event", "fields": {"comment": "", "end": null, "event_type": 3, "title": "", "start": "2014-04-18T21:18:09.529Z", "participants": [], "owner": 9, "position": "", "special": false}}, {"pk": 10, "model": "event.event", "fields": {"comment": "", "end": null, "event_type": 4, "title": "", "start": "2014-04-18T21:18:09.666Z", "participants": [], "owner": 9, "position": "", "special": false}}, {"pk": 11, "model": "event.event", "fields": {"comment": "", "end": null, "event_type": 5, "title": "", "start": "2014-04-18T21:18:09.768Z", "participants": [], "owner": 9, "position": "", "special": false}}, {"pk": 12, "model": "event.event", "fields": {"comment": "", "end": null, "event_type": 6, "title": "", "start": "2014-04-18T21:18:09.877Z", "participants": [], "owner": 9, "position": "", "special": false}}, {"pk": 13, "model": "event.event", "fields": {"comment": "", "end": null, "event_type": 7, "title": "", "start": "2014-04-18T21:18:09.963Z", "participants": [], "owner": 9, "position": "", "special": false}}, {"pk": 14, "model": "event.event", "fields": {"comment": "", "end": null, "event_type": 8, "title": "", "start": "2014-04-18T21:18:10.041Z", "participants": [], "owner": 9, "position": "", "special": false}}, {"pk": 15, "model": "event.event", "fields": {"comment": "", "end": null, "event_type": 9, "title": "", "start": "2014-04-18T21:18:10.122Z", "participants": [], "owner": 9, "position": "", "special": false}}, {"pk": 16, "model": "event.event", "fields": {"comment": "", "end": null, "event_type": 10, "title": "", "start": "2014-04-18T21:18:10.199Z", "participants": [], "owner": 9, "position": "", "special": false}}, {"pk": 17, "model": "event.event", "fields": {"comment": "", "end": null, "event_type": 1, "title": "", "start": "2014-04-18T21:18:10.288Z", "participants": [], "owner": 9, "position": "", "special": false}}, {"pk": 18, "model": "event.event", "fields": {"comment": "", "end": null, "event_type": 2, "title": "", "start": "2014-04-18T21:18:10.366Z", "participants": [], "owner": 9, "position": "", "special": false}}, {"pk": 19, "model": "event.event", "fields": {"comment": "", "end": null, "event_type": 3, "title": "", "start": "2014-04-18T21:18:10.443Z", "participants": [], "owner": 9, "position": "", "special": false}}, {"pk": 20, "model": "event.event", "fields": {"comment": "", "end": null, "event_type": 4, "title": "", "start": "2014-04-18T21:18:10.514Z", "participants": [], "owner": 9, "position": "", "special": false}}, {"pk": 21, "model": "event.event", "fields": {"comment": "", "end": null, "event_type": 5, "title": "", "start": "2014-04-18T21:18:10.599Z", "participants": [], "owner": 9, "position": "", "special": false}}, {"pk": 22, "model": "event.event", "fields": {"comment": "", "end": null, "event_type": 6, "title": "", "start": "2014-04-18T21:18:10.676Z", "participants": [], "owner": 9, "position": "", "special": false}}, {"pk": 23, "model": "event.event", "fields": {"comment": "", "end": null, "event_type": 7, "title": "", "start": "2014-04-18T21:18:10.793Z", "participants": [], "owner": 9, "position": "", "special": false}}, {"pk": 24, "model": "event.event", "fields": {"comment": "", "end": null, "event_type": 8, "title": "", "start": "2014-04-18T21:18:10.891Z", "participants": [], "owner": 9, "position": "", "special": false}}, {"pk": 25, "model": "event.event", "fields": {"comment": "", "end": null, "event_type": 9, "title": "", "start": "2014-04-18T21:18:10.989Z", "participants": [], "owner": 9, "position": "", "special": false}}, {"pk": 26, "model": "event.event", "fields": {"comment": "", "end": null, "event_type": 10, "title": "", "start": "2014-04-18T21:18:11.094Z", "participants": [], "owner": 9, "position": "", "special": false}}, {"pk": 27, "model": "event.event", "fields": {"comment": "", "end": null, "event_type": 1, "title": "", "start": "2014-04-18T21:18:11.197Z", "participants": [], "owner": 9, "position": "", "special": false}}, {"pk": 28, "model": "event.event", "fields": {"comment": "", "end": null, "event_type": 2, "title": "", "start": "2014-04-18T21:18:11.274Z", "participants": [], "owner": 9, "position": "", "special": false}}, {"pk": 29, "model": "event.event", "fields": {"comment": "", "end": null, "event_type": 3, "title": "", "start": "2014-04-18T21:18:11.356Z", "participants": [], "owner": 9, "position": "", "special": false}}, {"pk": 30, "model": "event.event", "fields": {"comment": "", "end": null, "event_type": 4, "title": "", "start": "2014-04-18T21:18:11.442Z", "participants": [], "owner": 9, "position": "", "special": false}}, {"pk": 31, "model": "event.event", "fields": {"comment": "", "end": null, "event_type": 5, "title": "", "start": "2014-04-18T21:18:11.534Z", "participants": [], "owner": 9, "position": "", "special": false}}, {"pk": 32, "model": "event.event", "fields": {"comment": "", "end": null, "event_type": 6, "title": "", "start": "2014-04-18T21:18:11.610Z", "participants": [], "owner": 9, "position": "", "special": false}}, {"pk": 33, "model": "event.event", "fields": {"comment": "", "end": null, "event_type": 7, "title": "", "start": "2014-04-18T21:18:11.696Z", "participants": [], "owner": 9, "position": "", "special": false}}, {"pk": 34, "model": "event.event", "fields": {"comment": "", "end": null, "event_type": 8, "title": "", "start": "2014-04-18T21:18:11.777Z", "participants": [], "owner": 9, "position": "", "special": false}}, {"pk": 35, "model": "event.event", "fields": {"comment": "", "end": null, "event_type": 9, "title": "", "start": "2014-04-18T21:18:11.860Z", "participants": [], "owner": 9, "position": "", "special": false}}, {"pk": 36, "model": "event.event", "fields": {"comment": "", "end": null, "event_type": 10, "title": "", "start": "2014-04-18T21:18:11.955Z", "participants": [], "owner": 9, "position": "", "special": false}}, {"pk": 37, "model": "event.event", "fields": {"comment": "", "end": null, "event_type": 1, "title": "", "start": "2014-04-18T21:18:12.045Z", "participants": [], "owner": 9, "position": "", "special": false}}, {"pk": 38, "model": "event.event", "fields": {"comment": "", "end": null, "event_type": 2, "title": "", "start": "2014-04-18T21:18:12.132Z", "participants": [], "owner": 9, "position": "", "special": false}}, {"pk": 39, "model": "event.event", "fields": {"comment": "", "end": null, "event_type": 3, "title": "", "start": "2014-04-18T21:18:12.232Z", "participants": [], "owner": 9, "position": "", "special": false}}, {"pk": 40, "model": "event.event", "fields": {"comment": "", "end": null, "event_type": 4, "title": "", "start": "2014-04-18T21:18:12.320Z", "participants": [], "owner": 9, "position": "", "special": false}}, {"pk": 41, "model": "event.event", "fields": {"comment": "", "end": null, "event_type": 5, "title": "", "start": "2014-04-18T21:18:12.431Z", "participants": [], "owner": 9, "position": "", "special": false}}, {"pk": 42, "model": "event.event", "fields": {"comment": "", "end": null, "event_type": 6, "title": "", "start": "2014-04-18T21:18:12.525Z", "participants": [], "owner": 9, "position": "", "special": false}}, {"pk": 43, "model": "event.event", "fields": {"comment": "", "end": null, "event_type": 7, "title": "", "start": "2014-04-18T21:18:12.605Z", "participants": [], "owner": 9, "position": "", "special": false}}, {"pk": 44, "model": "event.event", "fields": {"comment": "", "end": null, "event_type": 8, "title": "", "start": "2014-04-18T21:18:12.690Z", "participants": [], "owner": 9, "position": "", "special": false}}, {"pk": 45, "model": "event.event", "fields": {"comment": "", "end": null, "event_type": 9, "title": "", "start": "2014-04-18T21:18:12.770Z", "participants": [], "owner": 9, "position": "", "special": false}}, {"pk": 46, "model": "event.event", "fields": {"comment": "", "end": null, "event_type": 10, "title": "", "start": "2014-04-18T21:18:12.883Z", "participants": [], "owner": 9, "position": "", "special": false}}, {"pk": 47, "model": "event.event", "fields": {"comment": "", "end": null, "event_type": 1, "title": "", "start": "2014-04-18T21:18:12.956Z", "participants": [], "owner": 9, "position": "", "special": false}}, {"pk": 48, "model": "event.event", "fields": {"comment": "", "end": null, "event_type": 2, "title": "", "start": "2014-04-18T21:18:13.046Z", "participants": [], "owner": 9, "position": "", "special": false}}, {"pk": 49, "model": "event.event", "fields": {"comment": "", "end": null, "event_type": 3, "title": "", "start": "2014-04-18T21:18:13.150Z", "participants": [], "owner": 9, "position": "", "special": false}}, {"pk": 50, "model": "event.event", "fields": {"comment": "", "end": null, "event_type": 4, "title": "", "start": "2014-04-18T21:18:13.234Z", "participants": [], "owner": 9, "position": "", "special": false}}, {"pk": 51, "model": "event.event", "fields": {"comment": "", "end": null, "event_type": 5, "title": "", "start": "2014-04-18T21:18:13.314Z", "participants": [], "owner": 9, "position": "", "special": false}}, {"pk": 52, "model": "event.event", "fields": {"comment": "", "end": null, "event_type": 6, "title": "", "start": "2014-04-18T21:18:13.516Z", "participants": [], "owner": 9, "position": "", "special": false}}, {"pk": 53, "model": "event.event", "fields": {"comment": "", "end": null, "event_type": 7, "title": "", "start": "2014-04-18T21:18:13.622Z", "participants": [], "owner": 9, "position": "", "special": false}}, {"pk": 54, "model": "event.event", "fields": {"comment": "", "end": null, "event_type": 8, "title": "", "start": "2014-04-18T21:18:13.704Z", "participants": [], "owner": 9, "position": "", "special": false}}, {"pk": 55, "model": "event.event", "fields": {"comment": "", "end": null, "event_type": 9, "title": "", "start": "2014-04-18T21:18:13.789Z", "participants": [], "owner": 9, "position": "", "special": false}}, {"pk": 56, "model": "event.event", "fields": {"comment": "", "end": null, "event_type": 10, "title": "", "start": "2014-04-18T21:18:13.867Z", "participants": [], "owner": 9, "position": "", "special": false}}, {"pk": 57, "model": "event.event", "fields": {"comment": "", "end": null, "event_type": 1, "title": "", "start": "2014-04-18T21:18:13.985Z", "participants": [], "owner": 9, "position": "", "special": false}}, {"pk": 58, "model": "event.event", "fields": {"comment": "", "end": null, "event_type": 2, "title": "", "start": "2014-04-18T21:18:14.065Z", "participants": [], "owner": 9, "position": "", "special": false}}, {"pk": 59, "model": "event.event", "fields": {"comment": "", "end": null, "event_type": 3, "title": "", "start": "2014-04-18T21:18:14.159Z", "participants": [], "owner": 9, "position": "", "special": false}}, {"pk": 60, "model": "event.event", "fields": {"comment": "", "end": null, "event_type": 4, "title": "", "start": "2014-04-18T21:18:14.239Z", "participants": [], "owner": 9, "position": "", "special": false}}, {"pk": 61, "model": "event.event", "fields": {"comment": "", "end": null, "event_type": 5, "title": "", "start": "2014-04-18T21:18:14.321Z", "participants": [], "owner": 9, "position": "", "special": false}}, {"pk": 62, "model": "event.event", "fields": {"comment": "", "end": null, "event_type": 6, "title": "", "start": "2014-04-18T21:18:14.392Z", "participants": [], "owner": 9, "position": "", "special": false}}, {"pk": 63, "model": "event.event", "fields": {"comment": "", "end": null, "event_type": 7, "title": "", "start": "2014-04-18T21:18:14.467Z", "participants": [], "owner": 9, "position": "", "special": false}}, {"pk": 64, "model": "event.event", "fields": {"comment": "", "end": null, "event_type": 8, "title": "", "start": "2014-04-18T21:18:14.565Z", "participants": [], "owner": 9, "position": "", "special": false}}, {"pk": 65, "model": "event.event", "fields": {"comment": "", "end": null, "event_type": 9, "title": "", "start": "2014-04-18T21:18:14.649Z", "participants": [], "owner": 9, "position": "", "special": false}}, {"pk": 66, "model": "event.event", "fields": {"comment": "", "end": null, "event_type": 10, "title": "", "start": "2014-04-18T21:18:14.745Z", "participants": [], "owner": 9, "position": "", "special": false}}, {"pk": 67, "model": "event.event", "fields": {"comment": "", "end": null, "event_type": 1, "title": "", "start": "2014-04-18T21:18:14.825Z", "participants": [], "owner": 9, "position": "", "special": false}}, {"pk": 68, "model": "event.event", "fields": {"comment": "", "end": null, "event_type": 2, "title": "", "start": "2014-04-18T21:18:14.927Z", "participants": [], "owner": 9, "position": "", "special": false}}, {"pk": 69, "model": "event.event", "fields": {"comment": "", "end": null, "event_type": 3, "title": "", "start": "2014-04-18T21:18:15.049Z", "participants": [], "owner": 9, "position": "", "special": false}}, {"pk": 70, "model": "event.event", "fields": {"comment": "", "end": null, "event_type": 4, "title": "", "start": "2014-04-18T21:18:15.129Z", "participants": [], "owner": 9, "position": "", "special": false}}, {"pk": 71, "model": "event.event", "fields": {"comment": "", "end": null, "event_type": 5, "title": "", "start": "2014-04-18T21:18:15.231Z", "participants": [], "owner": 9, "position": "", "special": false}}, {"pk": 72, "model": "event.event", "fields": {"comment": "", "end": null, "event_type": 6, "title": "", "start": "2014-04-18T21:18:15.307Z", "participants": [], "owner": 9, "position": "", "special": false}}, {"pk": 73, "model": "event.event", "fields": {"comment": "", "end": null, "event_type": 7, "title": "", "start": "2014-04-18T21:18:15.387Z", "participants": [], "owner": 9, "position": "", "special": false}}, {"pk": 74, "model": "event.event", "fields": {"comment": "", "end": null, "event_type": 8, "title": "", "start": "2014-04-18T21:18:15.469Z", "participants": [], "owner": 9, "position": "", "special": false}}, {"pk": 75, "model": "event.event", "fields": {"comment": "", "end": null, "event_type": 9, "title": "", "start": "2014-04-18T21:18:15.553Z", "participants": [], "owner": 9, "position": "", "special": false}}, {"pk": 76, "model": "event.event", "fields": {"comment": "", "end": null, "event_type": 10, "title": "", "start": "2014-04-18T21:18:15.635Z", "participants": [], "owner": 9, "position": "", "special": false}}, {"pk": 77, "model": "event.event", "fields": {"comment": "", "end": null, "event_type": 1, "title": "", "start": "2014-04-18T21:18:15.706Z", "participants": [], "owner": 9, "position": "", "special": false}}, {"pk": 78, "model": "event.event", "fields": {"comment": "", "end": null, "event_type": 2, "title": "", "start": "2014-04-18T21:18:15.773Z", "participants": [], "owner": 9, "position": "", "special": false}}, {"pk": 79, "model": "event.event", "fields": {"comment": "", "end": null, "event_type": 3, "title": "", "start": "2014-04-18T21:18:15.854Z", "participants": [], "owner": 9, "position": "", "special": false}}, {"pk": 80, "model": "event.event", "fields": {"comment": "", "end": null, "event_type": 4, "title": "", "start": "2014-04-18T21:18:15.962Z", "participants": [], "owner": 9, "position": "", "special": false}}, {"pk": 81, "model": "event.event", "fields": {"comment": "", "end": null, "event_type": 5, "title": "", "start": "2014-04-18T21:18:16.066Z", "participants": [], "owner": 9, "position": "", "special": false}}, {"pk": 82, "model": "event.event", "fields": {"comment": "", "end": null, "event_type": 6, "title": "", "start": "2014-04-18T21:18:16.168Z", "participants": [], "owner": 9, "position": "", "special": false}}, {"pk": 83, "model": "event.event", "fields": {"comment": "", "end": null, "event_type": 7, "title": "", "start": "2014-04-18T21:18:16.246Z", "participants": [], "owner": 9, "position": "", "special": false}}, {"pk": 84, "model": "event.event", "fields": {"comment": "", "end": null, "event_type": 8, "title": "", "start": "2014-04-18T21:18:16.347Z", "participants": [], "owner": 9, "position": "", "special": false}}, {"pk": 85, "model": "event.event", "fields": {"comment": "", "end": null, "event_type": 9, "title": "", "start": "2014-04-18T21:18:16.438Z", "participants": [], "owner": 9, "position": "", "special": false}}, {"pk": 86, "model": "event.event", "fields": {"comment": "", "end": null, "event_type": 10, "title": "", "start": "2014-04-18T21:18:16.547Z", "participants": [], "owner": 9, "position": "", "special": false}}, {"pk": 87, "model": "event.event", "fields": {"comment": "", "end": null, "event_type": 1, "title": "", "start": "2014-04-18T21:18:41.424Z", "participants": [], "owner": 9, "position": "", "special": false}}, {"pk": 88, "model": "event.event", "fields": {"comment": "", "end": null, "event_type": 2, "title": "", "start": "2014-04-18T21:18:41.511Z", "participants": [], "owner": 9, "position": "", "special": false}}, {"pk": 89, "model": "event.event", "fields": {"comment": "", "end": null, "event_type": 3, "title": "", "start": "2014-04-18T21:18:41.579Z", "participants": [], "owner": 9, "position": "", "special": false}}, {"pk": 90, "model": "event.event", "fields": {"comment": "", "end": null, "event_type": 4, "title": "", "start": "2014-04-18T21:18:41.648Z", "participants": [], "owner": 9, "position": "", "special": false}}, {"pk": 91, "model": "event.event", "fields": {"comment": "", "end": null, "event_type": 5, "title": "", "start": "2014-04-18T21:18:41.726Z", "participants": [], "owner": 9, "position": "", "special": false}}, {"pk": 92, "model": "event.event", "fields": {"comment": "", "end": null, "event_type": 6, "title": "", "start": "2014-04-18T21:18:41.880Z", "participants": [], "owner": 9, "position": "", "special": false}}, {"pk": 93, "model": "event.event", "fields": {"comment": "", "end": null, "event_type": 7, "title": "", "start": "2014-04-18T21:18:41.975Z", "participants": [], "owner": 9, "position": "", "special": false}}, {"pk": 94, "model": "event.event", "fields": {"comment": "", "end": null, "event_type": 8, "title": "", "start": "2014-04-18T21:18:42.084Z", "participants": [], "owner": 9, "position": "", "special": false}}, {"pk": 95, "model": "event.event", "fields": {"comment": "", "end": null, "event_type": 9, "title": "", "start": "2014-04-18T21:18:42.164Z", "participants": [], "owner": 9, "position": "", "special": false}}, {"pk": 96, "model": "event.event", "fields": {"comment": "", "end": null, "event_type": 10, "title": "", "start": "2014-04-18T21:18:42.274Z", "participants": [], "owner": 9, "position": "", "special": false}}, {"pk": 97, "model": "event.event", "fields": {"comment": "", "end": null, "event_type": 1, "title": "", "start": "2014-04-18T21:18:42.370Z", "participants": [], "owner": 9, "position": "", "special": false}}, {"pk": 98, "model": "event.event", "fields": {"comment": "", "end": null, "event_type": 2, "title": "", "start": "2014-04-18T21:18:42.474Z", "participants": [], "owner": 9, "position": "", "special": false}}, {"pk": 99, "model": "event.event", "fields": {"comment": "", "end": null, "event_type": 3, "title": "", "start": "2014-04-18T21:18:42.551Z", "participants": [], "owner": 9, "position": "", "special": false}}, {"pk": 100, "model": "event.event", "fields": {"comment": "", "end": null, "event_type": 4, "title": "", "start": "2014-04-18T21:18:42.629Z", "participants": [], "owner": 9, "position": "", "special": false}}, {"pk": 101, "model": "event.event", "fields": {"comment": "", "end": null, "event_type": 5, "title": "", "start": "2014-04-18T21:18:42.706Z", "participants": [], "owner": 9, "position": "", "special": false}}, {"pk": 102, "model": "event.event", "fields": {"comment": "", "end": null, "event_type": 6, "title": "", "start": "2014-04-18T21:18:42.784Z", "participants": [], "owner": 9, "position": "", "special": false}}, {"pk": 103, "model": "event.event", "fields": {"comment": "", "end": null, "event_type": 7, "title": "", "start": "2014-04-18T21:18:42.867Z", "participants": [], "owner": 9, "position": "", "special": false}}, {"pk": 104, "model": "event.event", "fields": {"comment": "", "end": null, "event_type": 8, "title": "", "start": "2014-04-18T21:18:42.943Z", "participants": [], "owner": 9, "position": "", "special": false}}, {"pk": 105, "model": "event.event", "fields": {"comment": "", "end": null, "event_type": 9, "title": "", "start": "2014-04-18T21:18:43.026Z", "participants": [], "owner": 9, "position": "", "special": false}}, {"pk": 106, "model": "event.event", "fields": {"comment": "", "end": null, "event_type": 10, "title": "", "start": "2014-04-18T21:18:43.139Z", "participants": [], "owner": 9, "position": "", "special": false}}, {"pk": 107, "model": "event.event", "fields": {"comment": "", "end": null, "event_type": 1, "title": "", "start": "2014-04-18T21:18:43.237Z", "participants": [], "owner": 9, "position": "", "special": false}}, {"pk": 108, "model": "event.event", "fields": {"comment": "", "end": null, "event_type": 2, "title": "", "start": "2014-04-18T21:18:43.328Z", "participants": [], "owner": 9, "position": "", "special": false}}, {"pk": 109, "model": "event.event", "fields": {"comment": "", "end": null, "event_type": 3, "title": "", "start": "2014-04-18T21:18:43.462Z", "participants": [], "owner": 9, "position": "", "special": false}}, {"pk": 110, "model": "event.event", "fields": {"comment": "", "end": null, "event_type": 4, "title": "", "start": "2014-04-18T21:18:43.547Z", "participants": [], "owner": 9, "position": "", "special": false}}, {"pk": 111, "model": "event.event", "fields": {"comment": "", "end": null, "event_type": 5, "title": "", "start": "2014-04-18T21:18:43.630Z", "participants": [], "owner": 9, "position": "", "special": false}}, {"pk": 112, "model": "event.event", "fields": {"comment": "", "end": null, "event_type": 6, "title": "", "start": "2014-04-18T21:18:43.726Z", "participants": [], "owner": 9, "position": "", "special": false}}, {"pk": 113, "model": "event.event", "fields": {"comment": "", "end": null, "event_type": 7, "title": "", "start": "2014-04-18T21:18:43.806Z", "participants": [], "owner": 9, "position": "", "special": false}}, {"pk": 114, "model": "event.event", "fields": {"comment": "", "end": null, "event_type": 8, "title": "", "start": "2014-04-18T21:18:43.879Z", "participants": [], "owner": 9, "position": "", "special": false}}, {"pk": 115, "model": "event.event", "fields": {"comment": "", "end": null, "event_type": 9, "title": "", "start": "2014-04-18T21:18:43.961Z", "participants": [], "owner": 9, "position": "", "special": false}}, {"pk": 116, "model": "event.event", "fields": {"comment": "", "end": null, "event_type": 10, "title": "", "start": "2014-04-18T21:18:44.042Z", "participants": [], "owner": 9, "position": "", "special": false}}, {"pk": 117, "model": "event.event", "fields": {"comment": "", "end": null, "event_type": 1, "title": "", "start": "2014-04-18T21:18:44.118Z", "participants": [], "owner": 9, "position": "", "special": false}}, {"pk": 118, "model": "event.event", "fields": {"comment": "", "end": null, "event_type": 2, "title": "", "start": "2014-04-18T21:18:44.220Z", "participants": [], "owner": 9, "position": "", "special": false}}, {"pk": 119, "model": "event.event", "fields": {"comment": "", "end": null, "event_type": 3, "title": "", "start": "2014-04-18T21:18:44.297Z", "participants": [], "owner": 9, "position": "", "special": false}}, {"pk": 120, "model": "event.event", "fields": {"comment": "", "end": null, "event_type": 4, "title": "", "start": "2014-04-18T21:18:44.383Z", "participants": [], "owner": 9, "position": "", "special": false}}, {"pk": 121, "model": "event.event", "fields": {"comment": "", "end": null, "event_type": 5, "title": "", "start": "2014-04-18T21:18:44.470Z", "participants": [], "owner": 9, "position": "", "special": false}}, {"pk": 122, "model": "event.event", "fields": {"comment": "", "end": null, "event_type": 6, "title": "", "start": "2014-04-18T21:18:44.549Z", "participants": [], "owner": 9, "position": "", "special": false}}, {"pk": 123, "model": "event.event", "fields": {"comment": "", "end": null, "event_type": 7, "title": "", "start": "2014-04-18T21:18:44.635Z", "participants": [], "owner": 9, "position": "", "special": false}}, {"pk": 124, "model": "event.event", "fields": {"comment": "", "end": null, "event_type": 8, "title": "", "start": "2014-04-18T21:18:44.714Z", "participants": [], "owner": 9, "position": "", "special": false}}, {"pk": 125, "model": "event.event", "fields": {"comment": "", "end": null, "event_type": 9, "title": "", "start": "2014-04-18T21:18:44.806Z", "participants": [], "owner": 9, "position": "", "special": false}}, {"pk": 126, "model": "event.event", "fields": {"comment": "", "end": null, "event_type": 10, "title": "", "start": "2014-04-18T21:18:44.887Z", "participants": [], "owner": 9, "position": "", "special": false}}, {"pk": 127, "model": "event.event", "fields": {"comment": "", "end": null, "event_type": 1, "title": "", "start": "2014-04-18T21:18:44.984Z", "participants": [], "owner": 9, "position": "", "special": false}}, {"pk": 128, "model": "event.event", "fields": {"comment": "", "end": null, "event_type": 2, "title": "", "start": "2014-04-18T21:18:45.066Z", "participants": [], "owner": 9, "position": "", "special": false}}, {"pk": 129, "model": "event.event", "fields": {"comment": "", "end": null, "event_type": 3, "title": "", "start": "2014-04-18T21:18:45.137Z", "participants": [], "owner": 9, "position": "", "special": false}}, {"pk": 130, "model": "event.event", "fields": {"comment": "", "end": null, "event_type": 4, "title": "", "start": "2014-04-18T21:18:45.220Z", "participants": [], "owner": 9, "position": "", "special": false}}, {"pk": 131, "model": "event.event", "fields": {"comment": "", "end": null, "event_type": 5, "title": "", "start": "2014-04-18T21:18:45.303Z", "participants": [], "owner": 9, "position": "", "special": false}}, {"pk": 132, "model": "event.event", "fields": {"comment": "", "end": null, "event_type": 6, "title": "", "start": "2014-04-18T21:18:45.376Z", "participants": [], "owner": 9, "position": "", "special": false}}, {"pk": 133, "model": "event.event", "fields": {"comment": "", "end": null, "event_type": 7, "title": "", "start": "2014-04-18T21:18:45.456Z", "participants": [], "owner": 9, "position": "", "special": false}}, {"pk": 134, "model": "event.event", "fields": {"comment": "", "end": null, "event_type": 8, "title": "", "start": "2014-04-18T21:18:45.530Z", "participants": [], "owner": 9, "position": "", "special": false}}, {"pk": 135, "model": "event.event", "fields": {"comment": "", "end": null, "event_type": 9, "title": "", "start": "2014-04-18T21:18:45.612Z", "participants": [], "owner": 9, "position": "", "special": false}}, {"pk": 136, "model": "event.event", "fields": {"comment": "", "end": null, "event_type": 10, "title": "", "start": "2014-04-18T21:18:45.685Z", "participants": [], "owner": 9, "position": "", "special": false}}, {"pk": 137, "model": "event.event", "fields": {"comment": "", "end": null, "event_type": 1, "title": "", "start": "2014-04-18T21:18:45.807Z", "participants": [], "owner": 9, "position": "", "special": false}}, {"pk": 138, "model": "event.event", "fields": {"comment": "", "end": null, "event_type": 2, "title": "", "start": "2014-04-18T21:18:45.893Z", "participants": [], "owner": 9, "position": "", "special": false}}, {"pk": 139, "model": "event.event", "fields": {"comment": "", "end": null, "event_type": 3, "title": "", "start": "2014-04-18T21:18:46.004Z", "participants": [], "owner": 9, "position": "", "special": false}}, {"pk": 140, "model": "event.event", "fields": {"comment": "", "end": null, "event_type": 4, "title": "", "start": "2014-04-18T21:18:46.086Z", "participants": [], "owner": 9, "position": "", "special": false}}, {"pk": 141, "model": "event.event", "fields": {"comment": "", "end": null, "event_type": 5, "title": "", "start": "2014-04-18T21:18:46.208Z", "participants": [], "owner": 9, "position": "", "special": false}}, {"pk": 142, "model": "event.event", "fields": {"comment": "", "end": null, "event_type": 6, "title": "", "start": "2014-04-18T21:18:46.288Z", "participants": [], "owner": 9, "position": "", "special": false}}, {"pk": 143, "model": "event.event", "fields": {"comment": "", "end": null, "event_type": 7, "title": "", "start": "2014-04-18T21:18:46.395Z", "participants": [], "owner": 9, "position": "", "special": false}}, {"pk": 144, "model": "event.event", "fields": {"comment": "", "end": null, "event_type": 8, "title": "", "start": "2014-04-18T21:18:46.512Z", "participants": [], "owner": 9, "position": "", "special": false}}, {"pk": 145, "model": "event.event", "fields": {"comment": "", "end": null, "event_type": 9, "title": "", "start": "2014-04-18T21:18:46.582Z", "participants": [], "owner": 9, "position": "", "special": false}}, {"pk": 146, "model": "event.event", "fields": {"comment": "", "end": null, "event_type": 10, "title": "", "start": "2014-04-18T21:18:46.691Z", "participants": [], "owner": 9, "position": "", "special": false}}, {"pk": 147, "model": "event.event", "fields": {"comment": "", "end": null, "event_type": 1, "title": "", "start": "2014-04-18T21:18:46.776Z", "participants": [], "owner": 9, "position": "", "special": false}}, {"pk": 148, "model": "event.event", "fields": {"comment": "", "end": null, "event_type": 2, "title": "", "start": "2014-04-18T21:18:46.873Z", "participants": [], "owner": 9, "position": "", "special": false}}, {"pk": 149, "model": "event.event", "fields": {"comment": "", "end": null, "event_type": 3, "title": "", "start": "2014-04-18T21:18:46.947Z", "participants": [], "owner": 9, "position": "", "special": false}}, {"pk": 150, "model": "event.event", "fields": {"comment": "", "end": null, "event_type": 4, "title": "", "start": "2014-04-18T21:18:47.033Z", "participants": [], "owner": 9, "position": "", "special": false}}, {"pk": 151, "model": "event.event", "fields": {"comment": "", "end": null, "event_type": 5, "title": "", "start": "2014-04-18T21:18:47.114Z", "participants": [], "owner": 9, "position": "", "special": false}}, {"pk": 152, "model": "event.event", "fields": {"comment": "", "end": null, "event_type": 6, "title": "", "start": "2014-04-18T21:18:47.207Z", "participants": [], "owner": 9, "position": "", "special": false}}, {"pk": 153, "model": "event.event", "fields": {"comment": "", "end": null, "event_type": 7, "title": "", "start": "2014-04-18T21:18:47.289Z", "participants": [], "owner": 9, "position": "", "special": false}}, {"pk": 154, "model": "event.event", "fields": {"comment": "", "end": null, "event_type": 8, "title": "", "start": "2014-04-18T21:18:47.381Z", "participants": [], "owner": 9, "position": "", "special": false}}, {"pk": 155, "model": "event.event", "fields": {"comment": "", "end": null, "event_type": 9, "title": "", "start": "2014-04-18T21:18:47.454Z", "participants": [], "owner": 9, "position": "", "special": false}}, {"pk": 156, "model": "event.event", "fields": {"comment": "", "end": null, "event_type": 10, "title": "", "start": "2014-04-18T21:18:47.605Z", "participants": [], "owner": 9, "position": "", "special": false}}, {"pk": 157, "model": "event.event", "fields": {"comment": "", "end": null, "event_type": 1, "title": "", "start": "2014-04-18T21:18:47.690Z", "participants": [], "owner": 9, "position": "", "special": false}}, {"pk": 158, "model": "event.event", "fields": {"comment": "", "end": null, "event_type": 2, "title": "", "start": "2014-04-18T21:18:47.796Z", "participants": [], "owner": 9, "position": "", "special": false}}, {"pk": 159, "model": "event.event", "fields": {"comment": "", "end": null, "event_type": 3, "title": "", "start": "2014-04-18T21:18:47.875Z", "participants": [], "owner": 9, "position": "", "special": false}}, {"pk": 160, "model": "event.event", "fields": {"comment": "", "end": null, "event_type": 4, "title": "", "start": "2014-04-18T21:18:47.954Z", "participants": [], "owner": 9, "position": "", "special": false}}, {"pk": 161, "model": "event.event", "fields": {"comment": "", "end": null, "event_type": 5, "title": "", "start": "2014-04-18T21:18:48.030Z", "participants": [], "owner": 9, "position": "", "special": false}}, {"pk": 162, "model": "event.event", "fields": {"comment": "", "end": null, "event_type": 6, "title": "", "start": "2014-04-18T21:18:48.101Z", "participants": [], "owner": 9, "position": "", "special": false}}, {"pk": 163, "model": "event.event", "fields": {"comment": "", "end": null, "event_type": 7, "title": "", "start": "2014-04-18T21:18:48.184Z", "participants": [], "owner": 9, "position": "", "special": false}}, {"pk": 164, "model": "event.event", "fields": {"comment": "", "end": null, "event_type": 8, "title": "", "start": "2014-04-18T21:18:48.258Z", "participants": [], "owner": 9, "position": "", "special": false}}, {"pk": 165, "model": "event.event", "fields": {"comment": "", "end": null, "event_type": 9, "title": "", "start": "2014-04-18T21:18:48.363Z", "participants": [], "owner": 9, "position": "", "special": false}}, {"pk": 166, "model": "event.event", "fields": {"comment": "", "end": null, "event_type": 10, "title": "", "start": "2014-04-18T21:18:48.444Z", "participants": [], "owner": 9, "position": "", "special": false}}, {"pk": 167, "model": "event.event", "fields": {"comment": "", "end": null, "event_type": 1, "title": "", "start": "2014-04-18T21:34:55.536Z", "participants": [], "owner": 4, "position": "", "special": false}}, {"pk": 168, "model": "event.event", "fields": {"comment": "", "end": null, "event_type": 2, "title": "", "start": "2014-04-18T21:34:55.622Z", "participants": [], "owner": 4, "position": "", "special": false}}, {"pk": 169, "model": "event.event", "fields": {"comment": "", "end": null, "event_type": 3, "title": "", "start": "2014-04-18T21:34:55.705Z", "participants": [], "owner": 4, "position": "", "special": false}}, {"pk": 170, "model": "event.event", "fields": {"comment": "", "end": null, "event_type": 4, "title": "", "start": "2014-04-18T21:34:55.828Z", "participants": [], "owner": 4, "position": "", "special": false}}, {"pk": 171, "model": "event.event", "fields": {"comment": "", "end": null, "event_type": 5, "title": "", "start": "2014-04-18T21:34:55.911Z", "participants": [], "owner": 4, "position": "", "special": false}}, {"pk": 172, "model": "event.event", "fields": {"comment": "", "end": null, "event_type": 6, "title": "", "start": "2014-04-18T21:34:55.999Z", "participants": [], "owner": 4, "position": "", "special": false}}, {"pk": 173, "model": "event.event", "fields": {"comment": "", "end": null, "event_type": 7, "title": "", "start": "2014-04-18T21:34:56.097Z", "participants": [], "owner": 4, "position": "", "special": false}}, {"pk": 174, "model": "event.event", "fields": {"comment": "", "end": null, "event_type": 8, "title": "", "start": "2014-04-18T21:34:56.178Z", "participants": [], "owner": 4, "position": "", "special": false}}, {"pk": 175, "model": "event.event", "fields": {"comment": "", "end": null, "event_type": 9, "title": "", "start": "2014-04-18T21:34:56.286Z", "participants": [], "owner": 4, "position": "", "special": false}}, {"pk": 176, "model": "event.event", "fields": {"comment": "", "end": null, "event_type": 10, "title": "", "start": "2014-04-18T21:34:56.373Z", "participants": [], "owner": 4, "position": "", "special": false}}, {"pk": 177, "model": "event.event", "fields": {"comment": "", "end": null, "event_type": 1, "title": "", "start": "2014-04-18T21:36:41.459Z", "participants": [], "owner": 1, "position": "", "special": false}}, {"pk": 178, "model": "event.event", "fields": {"comment": "", "end": null, "event_type": 2, "title": "", "start": "2014-04-18T21:36:41.569Z", "participants": [], "owner": 1, "position": "", "special": false}}, {"pk": 179, "model": "event.event", "fields": {"comment": "", "end": null, "event_type": 3, "title": "", "start": "2014-04-18T21:36:41.653Z", "participants": [], "owner": 1, "position": "", "special": false}}, {"pk": 180, "model": "event.event", "fields": {"comment": "", "end": null, "event_type": 4, "title": "", "start": "2014-04-18T21:36:41.731Z", "participants": [], "owner": 1, "position": "", "special": false}}, {"pk": 181, "model": "event.event", "fields": {"comment": "", "end": null, "event_type": 5, "title": "", "start": "2014-04-18T21:36:41.848Z", "participants": [], "owner": 1, "position": "", "special": false}}, {"pk": 182, "model": "event.event", "fields": {"comment": "", "end": null, "event_type": 6, "title": "", "start": "2014-04-18T21:36:41.933Z", "participants": [], "owner": 1, "position": "", "special": false}}, {"pk": 183, "model": "event.event", "fields": {"comment": "", "end": null, "event_type": 7, "title": "", "start": "2014-04-18T21:36:42.022Z", "participants": [], "owner": 1, "position": "", "special": false}}, {"pk": 184, "model": "event.event", "fields": {"comment": "", "end": null, "event_type": 8, "title": "", "start": "2014-04-18T21:36:42.101Z", "participants": [], "owner": 1, "position": "", "special": false}}, {"pk": 185, "model": "event.event", "fields": {"comment": "", "end": null, "event_type": 9, "title": "", "start": "2014-04-18T21:36:42.222Z", "participants": [], "owner": 1, "position": "", "special": false}}, {"pk": 186, "model": "event.event", "fields": {"comment": "", "end": null, "event_type": 10, "title": "", "start": "2014-04-18T21:36:42.310Z", "participants": [], "owner": 1, "position": "", "special": false}}, {"pk": 187, "model": "event.event", "fields": {"comment": "", "end": null, "event_type": 1, "title": "", "start": "2014-04-18T21:36:42.400Z", "participants": [], "owner": 2, "position": "", "special": false}}, {"pk": 188, "model": "event.event", "fields": {"comment": "", "end": null, "event_type": 2, "title": "", "start": "2014-04-18T21:36:42.498Z", "participants": [], "owner": 2, "position": "", "special": false}}, {"pk": 189, "model": "event.event", "fields": {"comment": "", "end": null, "event_type": 3, "title": "", "start": "2014-04-18T21:36:42.595Z", "participants": [], "owner": 2, "position": "", "special": false}}, {"pk": 190, "model": "event.event", "fields": {"comment": "", "end": null, "event_type": 4, "title": "", "start": "2014-04-18T21:36:42.710Z", "participants": [], "owner": 2, "position": "", "special": false}}, {"pk": 191, "model": "event.event", "fields": {"comment": "", "end": null, "event_type": 5, "title": "", "start": "2014-04-18T21:36:42.795Z", "participants": [], "owner": 2, "position": "", "special": false}}, {"pk": 192, "model": "event.event", "fields": {"comment": "", "end": null, "event_type": 6, "title": "", "start": "2014-04-18T21:36:42.895Z", "participants": [], "owner": 2, "position": "", "special": false}}, {"pk": 193, "model": "event.event", "fields": {"comment": "", "end": null, "event_type": 7, "title": "", "start": "2014-04-18T21:36:43.004Z", "participants": [], "owner": 2, "position": "", "special": false}}, {"pk": 194, "model": "event.event", "fields": {"comment": "", "end": null, "event_type": 8, "title": "", "start": "2014-04-18T21:36:43.093Z", "participants": [], "owner": 2, "position": "", "special": false}}, {"pk": 195, "model": "event.event", "fields": {"comment": "", "end": null, "event_type": 9, "title": "", "start": "2014-04-18T21:36:43.185Z", "participants": [], "owner": 2, "position": "", "special": false}}, {"pk": 196, "model": "event.event", "fields": {"comment": "", "end": null, "event_type": 10, "title": "", "start": "2014-04-18T21:36:44.167Z", "participants": [], "owner": 2, "position": "", "special": false}}, {"pk": 197, "model": "event.event", "fields": {"comment": "", "end": null, "event_type": 1, "title": "", "start": "2014-04-18T21:36:44.266Z", "participants": [], "owner": 3, "position": "", "special": false}}, {"pk": 198, "model": "event.event", "fields": {"comment": "", "end": null, "event_type": 2, "title": "", "start": "2014-04-18T21:36:44.418Z", "participants": [], "owner": 3, "position": "", "special": false}}, {"pk": 199, "model": "event.event", "fields": {"comment": "", "end": null, "event_type": 3, "title": "", "start": "2014-04-18T21:36:44.515Z", "participants": [], "owner": 3, "position": "", "special": false}}, {"pk": 200, "model": "event.event", "fields": {"comment": "", "end": null, "event_type": 4, "title": "", "start": "2014-04-18T21:36:44.598Z", "participants": [], "owner": 3, "position": "", "special": false}}, {"pk": 201, "model": "event.event", "fields": {"comment": "", "end": null, "event_type": 5, "title": "", "start": "2014-04-18T21:36:44.675Z", "participants": [], "owner": 3, "position": "", "special": false}}, {"pk": 202, "model": "event.event", "fields": {"comment": "", "end": null, "event_type": 6, "title": "", "start": "2014-04-18T21:36:44.754Z", "participants": [], "owner": 3, "position": "", "special": false}}, {"pk": 203, "model": "event.event", "fields": {"comment": "", "end": null, "event_type": 7, "title": "", "start": "2014-04-18T21:36:44.860Z", "participants": [], "owner": 3, "position": "", "special": false}}, {"pk": 204, "model": "event.event", "fields": {"comment": "", "end": null, "event_type": 8, "title": "", "start": "2014-04-18T21:36:44.950Z", "participants": [], "owner": 3, "position": "", "special": false}}, {"pk": 205, "model": "event.event", "fields": {"comment": "", "end": null, "event_type": 9, "title": "", "start": "2014-04-18T21:36:45.051Z", "participants": [], "owner": 3, "position": "", "special": false}}, {"pk": 206, "model": "event.event", "fields": {"comment": "", "end": null, "event_type": 10, "title": "", "start": "2014-04-18T21:36:45.142Z", "participants": [], "owner": 3, "position": "", "special": false}}, {"pk": 207, "model": "event.event", "fields": {"comment": "", "end": null, "event_type": 1, "title": "", "start": "2014-04-18T21:36:45.247Z", "participants": [], "owner": 4, "position": "", "special": false}}, {"pk": 208, "model": "event.event", "fields": {"comment": "", "end": null, "event_type": 2, "title": "", "start": "2014-04-18T21:36:45.354Z", "participants": [], "owner": 4, "position": "", "special": false}}, {"pk": 209, "model": "event.event", "fields": {"comment": "", "end": null, "event_type": 3, "title": "", "start": "2014-04-18T21:36:45.478Z", "participants": [], "owner": 4, "position": "", "special": false}}, {"pk": 210, "model": "event.event", "fields": {"comment": "", "end": null, "event_type": 4, "title": "", "start": "2014-04-18T21:36:45.563Z", "participants": [], "owner": 4, "position": "", "special": false}}, {"pk": 211, "model": "event.event", "fields": {"comment": "", "end": null, "event_type": 5, "title": "", "start": "2014-04-18T21:36:45.646Z", "participants": [], "owner": 4, "position": "", "special": false}}, {"pk": 212, "model": "event.event", "fields": {"comment": "", "end": null, "event_type": 6, "title": "", "start": "2014-04-18T21:36:45.728Z", "participants": [], "owner": 4, "position": "", "special": false}}, {"pk": 213, "model": "event.event", "fields": {"comment": "", "end": null, "event_type": 7, "title": "", "start": "2014-04-18T21:36:45.812Z", "participants": [], "owner": 4, "position": "", "special": false}}, {"pk": 214, "model": "event.event", "fields": {"comment": "", "end": null, "event_type": 8, "title": "", "start": "2014-04-18T21:36:45.904Z", "participants": [], "owner": 4, "position": "", "special": false}}, {"pk": 215, "model": "event.event", "fields": {"comment": "", "end": null, "event_type": 9, "title": "", "start": "2014-04-18T21:36:45.991Z", "participants": [], "owner": 4, "position": "", "special": false}}, {"pk": 216, "model": "event.event", "fields": {"comment": "", "end": null, "event_type": 10, "title": "", "start": "2014-04-18T21:36:46.073Z", "participants": [], "owner": 4, "position": "", "special": false}}, {"pk": 217, "model": "event.event", "fields": {"comment": "", "end": null, "event_type": 1, "title": "", "start": "2014-04-18T21:37:20.484Z", "participants": [], "owner": 1, "position": "", "special": false}}, {"pk": 218, "model": "event.event", "fields": {"comment": "", "end": null, "event_type": 2, "title": "", "start": "2014-04-18T21:37:20.598Z", "participants": [], "owner": 1, "position": "", "special": false}}, {"pk": 219, "model": "event.event", "fields": {"comment": "", "end": null, "event_type": 3, "title": "", "start": "2014-04-18T21:37:20.689Z", "participants": [], "owner": 1, "position": "", "special": false}}, {"pk": 220, "model": "event.event", "fields": {"comment": "", "end": null, "event_type": 4, "title": "", "start": "2014-04-18T21:37:20.772Z", "participants": [], "owner": 1, "position": "", "special": false}}, {"pk": 221, "model": "event.event", "fields": {"comment": "", "end": null, "event_type": 5, "title": "", "start": "2014-04-18T21:37:20.871Z", "participants": [], "owner": 1, "position": "", "special": false}}, {"pk": 222, "model": "event.event", "fields": {"comment": "", "end": null, "event_type": 6, "title": "", "start": "2014-04-18T21:37:20.974Z", "participants": [], "owner": 1, "position": "", "special": false}}, {"pk": 223, "model": "event.event", "fields": {"comment": "", "end": null, "event_type": 7, "title": "", "start": "2014-04-18T21:37:21.072Z", "participants": [], "owner": 1, "position": "", "special": false}}, {"pk": 224, "model": "event.event", "fields": {"comment": "", "end": null, "event_type": 8, "title": "", "start": "2014-04-18T21:37:21.177Z", "participants": [], "owner": 1, "position": "", "special": false}}, {"pk": 225, "model": "event.event", "fields": {"comment": "", "end": null, "event_type": 9, "title": "", "start": "2014-04-18T21:37:21.266Z", "participants": [], "owner": 1, "position": "", "special": false}}, {"pk": 226, "model": "event.event", "fields": {"comment": "", "end": null, "event_type": 10, "title": "", "start": "2014-04-18T21:37:21.345Z", "participants": [], "owner": 1, "position": "", "special": false}}, {"pk": 227, "model": "event.event", "fields": {"comment": "", "end": null, "event_type": 1, "title": "", "start": "2014-04-18T21:37:21.457Z", "participants": [], "owner": 2, "position": "", "special": false}}, {"pk": 228, "model": "event.event", "fields": {"comment": "", "end": null, "event_type": 2, "title": "", "start": "2014-04-18T21:37:21.538Z", "participants": [], "owner": 2, "position": "", "special": false}}, {"pk": 229, "model": "event.event", "fields": {"comment": "", "end": null, "event_type": 3, "title": "", "start": "2014-04-18T21:37:21.638Z", "participants": [], "owner": 2, "position": "", "special": false}}, {"pk": 230, "model": "event.event", "fields": {"comment": "", "end": null, "event_type": 4, "title": "", "start": "2014-04-18T21:37:21.724Z", "participants": [], "owner": 2, "position": "", "special": false}}, {"pk": 231, "model": "event.event", "fields": {"comment": "", "end": null, "event_type": 5, "title": "", "start": "2014-04-18T21:37:21.823Z", "participants": [], "owner": 2, "position": "", "special": false}}, {"pk": 232, "model": "event.event", "fields": {"comment": "", "end": null, "event_type": 6, "title": "", "start": "2014-04-18T21:37:21.933Z", "participants": [], "owner": 2, "position": "", "special": false}}, {"pk": 233, "model": "event.event", "fields": {"comment": "", "end": null, "event_type": 7, "title": "", "start": "2014-04-18T21:37:22.051Z", "participants": [], "owner": 2, "position": "", "special": false}}, {"pk": 234, "model": "event.event", "fields": {"comment": "", "end": null, "event_type": 8, "title": "", "start": "2014-04-18T21:37:22.135Z", "participants": [], "owner": 2, "position": "", "special": false}}, {"pk": 235, "model": "event.event", "fields": {"comment": "", "end": null, "event_type": 9, "title": "", "start": "2014-04-18T21:37:22.215Z", "participants": [], "owner": 2, "position": "", "special": false}}, {"pk": 236, "model": "event.event", "fields": {"comment": "", "end": null, "event_type": 10, "title": "", "start": "2014-04-18T21:37:22.300Z", "participants": [], "owner": 2, "position": "", "special": false}}, {"pk": 237, "model": "event.event", "fields": {"comment": "", "end": null, "event_type": 1, "title": "", "start": "2014-04-18T21:37:22.401Z", "participants": [], "owner": 3, "position": "", "special": false}}, {"pk": 238, "model": "event.event", "fields": {"comment": "", "end": null, "event_type": 2, "title": "", "start": "2014-04-18T21:37:22.482Z", "participants": [], "owner": 3, "position": "", "special": false}}, {"pk": 239, "model": "event.event", "fields": {"comment": "", "end": null, "event_type": 3, "title": "", "start": "2014-04-18T21:37:22.562Z", "participants": [], "owner": 3, "position": "", "special": false}}, {"pk": 240, "model": "event.event", "fields": {"comment": "", "end": null, "event_type": 4, "title": "", "start": "2014-04-18T21:37:22.639Z", "participants": [], "owner": 3, "position": "", "special": false}}, {"pk": 241, "model": "event.event", "fields": {"comment": "", "end": null, "event_type": 5, "title": "", "start": "2014-04-18T21:37:22.725Z", "participants": [], "owner": 3, "position": "", "special": false}}, {"pk": 242, "model": "event.event", "fields": {"comment": "", "end": null, "event_type": 6, "title": "", "start": "2014-04-18T21:37:22.820Z", "participants": [], "owner": 3, "position": "", "special": false}}, {"pk": 243, "model": "event.event", "fields": {"comment": "", "end": null, "event_type": 7, "title": "", "start": "2014-04-18T21:37:22.928Z", "participants": [], "owner": 3, "position": "", "special": false}}, {"pk": 244, "model": "event.event", "fields": {"comment": "", "end": null, "event_type": 8, "title": "", "start": "2014-04-18T21:37:23.017Z", "participants": [], "owner": 3, "position": "", "special": false}}, {"pk": 245, "model": "event.event", "fields": {"comment": "", "end": null, "event_type": 9, "title": "", "start": "2014-04-18T21:37:23.150Z", "participants": [], "owner": 3, "position": "", "special": false}}, {"pk": 246, "model": "event.event", "fields": {"comment": "", "end": null, "event_type": 10, "title": "", "start": "2014-04-18T21:37:23.251Z", "participants": [], "owner": 3, "position": "", "special": false}}, {"pk": 247, "model": "event.event", "fields": {"comment": "", "end": null, "event_type": 1, "title": "", "start": "2014-04-18T21:37:23.332Z", "participants": [], "owner": 4, "position": "", "special": false}}, {"pk": 248, "model": "event.event", "fields": {"comment": "", "end": null, "event_type": 2, "title": "", "start": "2014-04-18T21:37:23.408Z", "participants": [], "owner": 4, "position": "", "special": false}}, {"pk": 249, "model": "event.event", "fields": {"comment": "", "end": null, "event_type": 3, "title": "", "start": "2014-04-18T21:37:23.519Z", "participants": [], "owner": 4, "position": "", "special": false}}, {"pk": 250, "model": "event.event", "fields": {"comment": "", "end": null, "event_type": 4, "title": "", "start": "2014-04-18T21:37:23.603Z", "participants": [], "owner": 4, "position": "", "special": false}}, {"pk": 251, "model": "event.event", "fields": {"comment": "", "end": null, "event_type": 5, "title": "", "start": "2014-04-18T21:37:23.712Z", "participants": [], "owner": 4, "position": "", "special": false}}, {"pk": 252, "model": "event.event", "fields": {"comment": "", "end": null, "event_type": 6, "title": "", "start": "2014-04-18T21:37:23.802Z", "participants": [], "owner": 4, "position": "", "special": false}}, {"pk": 253, "model": "event.event", "fields": {"comment": "", "end": null, "event_type": 7, "title": "", "start": "2014-04-18T21:37:23.884Z", "participants": [], "owner": 4, "position": "", "special": false}}, {"pk": 254, "model": "event.event", "fields": {"comment": "", "end": null, "event_type": 8, "title": "", "start": "2014-04-18T21:37:23.970Z", "participants": [], "owner": 4, "position": "", "special": false}}, {"pk": 255, "model": "event.event", "fields": {"comment": "", "end": null, "event_type": 9, "title": "", "start": "2014-04-18T21:37:24.051Z", "participants": [], "owner": 4, "position": "", "special": false}}, {"pk": 256, "model": "event.event", "fields": {"comment": "", "end": null, "event_type": 10, "title": "", "start": "2014-04-18T21:37:24.183Z", "participants": [], "owner": 4, "position": "", "special": false}}, {"pk": 257, "model": "event.event", "fields": {"comment": "", "end": null, "event_type": 1, "title": "", "start": "2014-04-18T21:37:24.539Z", "participants": [], "owner": 7, "position": "", "special": false}}, {"pk": 258, "model": "event.event", "fields": {"comment": "", "end": null, "event_type": 2, "title": "", "start": "2014-04-18T21:37:24.659Z", "participants": [], "owner": 7, "position": "", "special": false}}, {"pk": 259, "model": "event.event", "fields": {"comment": "", "end": null, "event_type": 3, "title": "", "start": "2014-04-18T21:37:24.765Z", "participants": [], "owner": 7, "position": "", "special": false}}, {"pk": 260, "model": "event.event", "fields": {"comment": "", "end": null, "event_type": 4, "title": "", "start": "2014-04-18T21:37:24.850Z", "participants": [], "owner": 7, "position": "", "special": false}}, {"pk": 261, "model": "event.event", "fields": {"comment": "", "end": null, "event_type": 5, "title": "", "start": "2014-04-18T21:37:24.973Z", "participants": [], "owner": 7, "position": "", "special": false}}, {"pk": 262, "model": "event.event", "fields": {"comment": "", "end": null, "event_type": 6, "title": "", "start": "2014-04-18T21:37:25.063Z", "participants": [], "owner": 7, "position": "", "special": false}}, {"pk": 263, "model": "event.event", "fields": {"comment": "", "end": null, "event_type": 7, "title": "", "start": "2014-04-18T21:37:25.149Z", "participants": [], "owner": 7, "position": "", "special": false}}, {"pk": 264, "model": "event.event", "fields": {"comment": "", "end": null, "event_type": 8, "title": "", "start": "2014-04-18T21:37:25.267Z", "participants": [], "owner": 7, "position": "", "special": false}}, {"pk": 265, "model": "event.event", "fields": {"comment": "", "end": null, "event_type": 9, "title": "", "start": "2014-04-18T21:37:25.344Z", "participants": [], "owner": 7, "position": "", "special": false}}, {"pk": 266, "model": "event.event", "fields": {"comment": "", "end": null, "event_type": 10, "title": "", "start": "2014-04-18T21:37:25.441Z", "participants": [], "owner": 7, "position": "", "special": false}}, {"pk": 267, "model": "event.event", "fields": {"comment": "", "end": null, "event_type": 1, "title": "", "start": "2014-04-18T21:37:25.523Z", "participants": [], "owner": 8, "position": "", "special": false}}, {"pk": 268, "model": "event.event", "fields": {"comment": "", "end": null, "event_type": 2, "title": "", "start": "2014-04-18T21:37:25.602Z", "participants": [], "owner": 8, "position": "", "special": false}}, {"pk": 269, "model": "event.event", "fields": {"comment": "", "end": null, "event_type": 3, "title": "", "start": "2014-04-18T21:37:25.683Z", "participants": [], "owner": 8, "position": "", "special": false}}, {"pk": 270, "model": "event.event", "fields": {"comment": "", "end": null, "event_type": 4, "title": "", "start": "2014-04-18T21:37:25.786Z", "participants": [], "owner": 8, "position": "", "special": false}}, {"pk": 271, "model": "event.event", "fields": {"comment": "", "end": null, "event_type": 5, "title": "", "start": "2014-04-18T21:37:25.879Z", "participants": [], "owner": 8, "position": "", "special": false}}, {"pk": 272, "model": "event.event", "fields": {"comment": "", "end": null, "event_type": 6, "title": "", "start": "2014-04-18T21:37:25.987Z", "participants": [], "owner": 8, "position": "", "special": false}}, {"pk": 273, "model": "event.event", "fields": {"comment": "", "end": null, "event_type": 7, "title": "", "start": "2014-04-18T21:37:26.095Z", "participants": [], "owner": 8, "position": "", "special": false}}, {"pk": 274, "model": "event.event", "fields": {"comment": "", "end": null, "event_type": 8, "title": "", "start": "2014-04-18T21:37:26.190Z", "participants": [], "owner": 8, "position": "", "special": false}}, {"pk": 275, "model": "event.event", "fields": {"comment": "", "end": null, "event_type": 9, "title": "", "start": "2014-04-18T21:37:26.294Z", "participants": [], "owner": 8, "position": "", "special": false}}, {"pk": 276, "model": "event.event", "fields": {"comment": "", "end": null, "event_type": 10, "title": "", "start": "2014-04-18T21:37:26.399Z", "participants": [], "owner": 8, "position": "", "special": false}}, {"pk": 277, "model": "event.event", "fields": {"comment": "", "end": null, "event_type": 1, "title": "", "start": "2014-04-18T21:38:22.695Z", "participants": [], "owner": 1, "position": "", "special": false}}, {"pk": 278, "model": "event.event", "fields": {"comment": "", "end": null, "event_type": 2, "title": "", "start": "2014-04-18T21:38:22.780Z", "participants": [], "owner": 1, "position": "", "special": false}}, {"pk": 279, "model": "event.event", "fields": {"comment": "", "end": null, "event_type": 3, "title": "", "start": "2014-04-18T21:38:22.881Z", "participants": [], "owner": 1, "position": "", "special": false}}, {"pk": 280, "model": "event.event", "fields": {"comment": "", "end": null, "event_type": 4, "title": "", "start": "2014-04-18T21:38:22.962Z", "participants": [], "owner": 1, "position": "", "special": false}}, {"pk": 281, "model": "event.event", "fields": {"comment": "", "end": null, "event_type": 5, "title": "", "start": "2014-04-18T21:38:23.077Z", "participants": [], "owner": 1, "position": "", "special": false}}, {"pk": 282, "model": "event.event", "fields": {"comment": "", "end": null, "event_type": 6, "title": "", "start": "2014-04-18T21:38:23.178Z", "participants": [], "owner": 1, "position": "", "special": false}}, {"pk": 283, "model": "event.event", "fields": {"comment": "", "end": null, "event_type": 7, "title": "", "start": "2014-04-18T21:38:23.258Z", "participants": [], "owner": 1, "position": "", "special": false}}, {"pk": 284, "model": "event.event", "fields": {"comment": "", "end": null, "event_type": 8, "title": "", "start": "2014-04-18T21:38:23.336Z", "participants": [], "owner": 1, "position": "", "special": false}}, {"pk": 285, "model": "event.event", "fields": {"comment": "", "end": null, "event_type": 9, "title": "", "start": "2014-04-18T21:38:23.419Z", "participants": [], "owner": 1, "position": "", "special": false}}, {"pk": 286, "model": "event.event", "fields": {"comment": "", "end": null, "event_type": 10, "title": "", "start": "2014-04-18T21:38:23.518Z", "participants": [], "owner": 1, "position": "", "special": false}}, {"pk": 287, "model": "event.event", "fields": {"comment": "", "end": null, "event_type": 1, "title": "", "start": "2014-04-18T21:38:23.604Z", "participants": [], "owner": 2, "position": "", "special": false}}, {"pk": 288, "model": "event.event", "fields": {"comment": "", "end": null, "event_type": 2, "title": "", "start": "2014-04-18T21:38:23.691Z", "participants": [], "owner": 2, "position": "", "special": false}}, {"pk": 289, "model": "event.event", "fields": {"comment": "", "end": null, "event_type": 3, "title": "", "start": "2014-04-18T21:38:23.768Z", "participants": [], "owner": 2, "position": "", "special": false}}, {"pk": 290, "model": "event.event", "fields": {"comment": "", "end": null, "event_type": 4, "title": "", "start": "2014-04-18T21:38:23.852Z", "participants": [], "owner": 2, "position": "", "special": false}}, {"pk": 291, "model": "event.event", "fields": {"comment": "", "end": null, "event_type": 5, "title": "", "start": "2014-04-18T21:38:23.967Z", "participants": [], "owner": 2, "position": "", "special": false}}, {"pk": 292, "model": "event.event", "fields": {"comment": "", "end": null, "event_type": 6, "title": "", "start": "2014-04-18T21:38:24.050Z", "participants": [], "owner": 2, "position": "", "special": false}}, {"pk": 293, "model": "event.event", "fields": {"comment": "", "end": null, "event_type": 7, "title": "", "start": "2014-04-18T21:38:24.138Z", "participants": [], "owner": 2, "position": "", "special": false}}, {"pk": 294, "model": "event.event", "fields": {"comment": "", "end": null, "event_type": 8, "title": "", "start": "2014-04-18T21:38:24.240Z", "participants": [], "owner": 2, "position": "", "special": false}}, {"pk": 295, "model": "event.event", "fields": {"comment": "", "end": null, "event_type": 9, "title": "", "start": "2014-04-18T21:38:24.337Z", "participants": [], "owner": 2, "position": "", "special": false}}, {"pk": 296, "model": "event.event", "fields": {"comment": "", "end": null, "event_type": 10, "title": "", "start": "2014-04-18T21:38:24.436Z", "participants": [], "owner": 2, "position": "", "special": false}}, {"pk": 297, "model": "event.event", "fields": {"comment": "", "end": null, "event_type": 1, "title": "", "start": "2014-04-18T21:38:24.541Z", "participants": [], "owner": 3, "position": "", "special": false}}, {"pk": 298, "model": "event.event", "fields": {"comment": "", "end": null, "event_type": 2, "title": "", "start": "2014-04-18T21:38:24.630Z", "participants": [], "owner": 3, "position": "", "special": false}}, {"pk": 299, "model": "event.event", "fields": {"comment": "", "end": null, "event_type": 3, "title": "", "start": "2014-04-18T21:38:24.707Z", "participants": [], "owner": 3, "position": "", "special": false}}, {"pk": 300, "model": "event.event", "fields": {"comment": "", "end": null, "event_type": 4, "title": "", "start": "2014-04-18T21:38:24.789Z", "participants": [], "owner": 3, "position": "", "special": false}}, {"pk": 301, "model": "event.event", "fields": {"comment": "", "end": null, "event_type": 5, "title": "", "start": "2014-04-18T21:38:24.874Z", "participants": [], "owner": 3, "position": "", "special": false}}, {"pk": 302, "model": "event.event", "fields": {"comment": "", "end": null, "event_type": 6, "title": "", "start": "2014-04-18T21:38:24.970Z", "participants": [], "owner": 3, "position": "", "special": false}}, {"pk": 303, "model": "event.event", "fields": {"comment": "", "end": null, "event_type": 7, "title": "", "start": "2014-04-18T21:38:25.068Z", "participants": [], "owner": 3, "position": "", "special": false}}, {"pk": 304, "model": "event.event", "fields": {"comment": "", "end": null, "event_type": 8, "title": "", "start": "2014-04-18T21:38:25.146Z", "participants": [], "owner": 3, "position": "", "special": false}}, {"pk": 305, "model": "event.event", "fields": {"comment": "", "end": null, "event_type": 9, "title": "", "start": "2014-04-18T21:38:25.236Z", "participants": [], "owner": 3, "position": "", "special": false}}, {"pk": 306, "model": "event.event", "fields": {"comment": "", "end": null, "event_type": 10, "title": "", "start": "2014-04-18T21:38:25.346Z", "participants": [], "owner": 3, "position": "", "special": false}}, {"pk": 307, "model": "event.event", "fields": {"comment": "", "end": null, "event_type": 1, "title": "", "start": "2014-04-18T21:38:25.428Z", "participants": [], "owner": 4, "position": "", "special": false}}, {"pk": 308, "model": "event.event", "fields": {"comment": "", "end": null, "event_type": 2, "title": "", "start": "2014-04-18T21:38:25.530Z", "participants": [], "owner": 4, "position": "", "special": false}}, {"pk": 309, "model": "event.event", "fields": {"comment": "", "end": null, "event_type": 3, "title": "", "start": "2014-04-18T21:38:25.610Z", "participants": [], "owner": 4, "position": "", "special": false}}, {"pk": 310, "model": "event.event", "fields": {"comment": "", "end": null, "event_type": 4, "title": "", "start": "2014-04-18T21:38:25.727Z", "participants": [], "owner": 4, "position": "", "special": false}}, {"pk": 311, "model": "event.event", "fields": {"comment": "", "end": null, "event_type": 5, "title": "", "start": "2014-04-18T21:38:25.813Z", "participants": [], "owner": 4, "position": "", "special": false}}, {"pk": 312, "model": "event.event", "fields": {"comment": "", "end": null, "event_type": 6, "title": "", "start": "2014-04-18T21:38:25.891Z", "participants": [], "owner": 4, "position": "", "special": false}}, {"pk": 313, "model": "event.event", "fields": {"comment": "", "end": null, "event_type": 7, "title": "", "start": "2014-04-18T21:38:26.019Z", "participants": [], "owner": 4, "position": "", "special": false}}, {"pk": 314, "model": "event.event", "fields": {"comment": "", "end": null, "event_type": 8, "title": "", "start": "2014-04-18T21:38:26.094Z", "participants": [], "owner": 4, "position": "", "special": false}}, {"pk": 315, "model": "event.event", "fields": {"comment": "", "end": null, "event_type": 9, "title": "", "start": "2014-04-18T21:38:26.178Z", "participants": [], "owner": 4, "position": "", "special": false}}, {"pk": 316, "model": "event.event", "fields": {"comment": "", "end": null, "event_type": 10, "title": "", "start": "2014-04-18T21:38:26.253Z", "participants": [], "owner": 4, "position": "", "special": false}}, {"pk": 317, "model": "event.event", "fields": {"comment": "", "end": null, "event_type": 1, "title": "", "start": "2014-04-18T21:38:26.364Z", "participants": [], "owner": 5, "position": "", "special": false}}, {"pk": 318, "model": "event.event", "fields": {"comment": "", "end": null, "event_type": 2, "title": "", "start": "2014-04-18T21:38:26.451Z", "participants": [], "owner": 5, "position": "", "special": false}}, {"pk": 319, "model": "event.event", "fields": {"comment": "", "end": null, "event_type": 3, "title": "", "start": "2014-04-18T21:38:26.554Z", "participants": [], "owner": 5, "position": "", "special": false}}, {"pk": 320, "model": "event.event", "fields": {"comment": "", "end": null, "event_type": 4, "title": "", "start": "2014-04-18T21:38:26.652Z", "participants": [], "owner": 5, "position": "", "special": false}}, {"pk": 321, "model": "event.event", "fields": {"comment": "", "end": null, "event_type": 5, "title": "", "start": "2014-04-18T21:38:26.752Z", "participants": [], "owner": 5, "position": "", "special": false}}, {"pk": 322, "model": "event.event", "fields": {"comment": "", "end": null, "event_type": 6, "title": "", "start": "2014-04-18T21:38:26.851Z", "participants": [], "owner": 5, "position": "", "special": false}}, {"pk": 323, "model": "event.event", "fields": {"comment": "", "end": null, "event_type": 7, "title": "", "start": "2014-04-18T21:38:26.941Z", "participants": [], "owner": 5, "position": "", "special": false}}, {"pk": 324, "model": "event.event", "fields": {"comment": "", "end": null, "event_type": 8, "title": "", "start": "2014-04-18T21:38:27.149Z", "participants": [], "owner": 5, "position": "", "special": false}}, {"pk": 325, "model": "event.event", "fields": {"comment": "", "end": null, "event_type": 9, "title": "", "start": "2014-04-18T21:38:27.249Z", "participants": [], "owner": 5, "position": "", "special": false}}, {"pk": 326, "model": "event.event", "fields": {"comment": "", "end": null, "event_type": 10, "title": "", "start": "2014-04-18T21:38:27.337Z", "participants": [], "owner": 5, "position": "", "special": false}}, {"pk": 327, "model": "event.event", "fields": {"comment": "", "end": null, "event_type": 1, "title": "", "start": "2014-04-18T21:38:27.436Z", "participants": [], "owner": 6, "position": "", "special": false}}, {"pk": 328, "model": "event.event", "fields": {"comment": "", "end": null, "event_type": 2, "title": "", "start": "2014-04-18T21:38:27.511Z", "participants": [], "owner": 6, "position": "", "special": false}}, {"pk": 329, "model": "event.event", "fields": {"comment": "", "end": null, "event_type": 3, "title": "", "start": "2014-04-18T21:38:27.584Z", "participants": [], "owner": 6, "position": "", "special": false}}, {"pk": 330, "model": "event.event", "fields": {"comment": "", "end": null, "event_type": 4, "title": "", "start": "2014-04-18T21:38:27.666Z", "participants": [], "owner": 6, "position": "", "special": false}}, {"pk": 331, "model": "event.event", "fields": {"comment": "", "end": null, "event_type": 5, "title": "", "start": "2014-04-18T21:38:27.749Z", "participants": [], "owner": 6, "position": "", "special": false}}, {"pk": 332, "model": "event.event", "fields": {"comment": "", "end": null, "event_type": 6, "title": "", "start": "2014-04-18T21:38:27.834Z", "participants": [], "owner": 6, "position": "", "special": false}}, {"pk": 333, "model": "event.event", "fields": {"comment": "", "end": null, "event_type": 7, "title": "", "start": "2014-04-18T21:38:27.958Z", "participants": [], "owner": 6, "position": "", "special": false}}, {"pk": 334, "model": "event.event", "fields": {"comment": "", "end": null, "event_type": 8, "title": "", "start": "2014-04-18T21:38:28.083Z", "participants": [], "owner": 6, "position": "", "special": false}}, {"pk": 335, "model": "event.event", "fields": {"comment": "", "end": null, "event_type": 9, "title": "", "start": "2014-04-18T21:38:28.168Z", "participants": [], "owner": 6, "position": "", "special": false}}, {"pk": 336, "model": "event.event", "fields": {"comment": "", "end": null, "event_type": 10, "title": "", "start": "2014-04-18T21:38:28.262Z", "participants": [], "owner": 6, "position": "", "special": false}}, {"pk": 337, "model": "event.event", "fields": {"comment": "", "end": null, "event_type": 1, "title": "", "start": "2014-04-18T21:38:28.351Z", "participants": [], "owner": 7, "position": "", "special": false}}, {"pk": 338, "model": "event.event", "fields": {"comment": "", "end": null, "event_type": 2, "title": "", "start": "2014-04-18T21:38:28.459Z", "participants": [], "owner": 7, "position": "", "special": false}}, {"pk": 339, "model": "event.event", "fields": {"comment": "", "end": null, "event_type": 3, "title": "", "start": "2014-04-18T21:38:28.545Z", "participants": [], "owner": 7, "position": "", "special": false}}, {"pk": 340, "model": "event.event", "fields": {"comment": "", "end": null, "event_type": 4, "title": "", "start": "2014-04-18T21:38:28.623Z", "participants": [], "owner": 7, "position": "", "special": false}}, {"pk": 341, "model": "event.event", "fields": {"comment": "", "end": null, "event_type": 5, "title": "", "start": "2014-04-18T21:38:28.711Z", "participants": [], "owner": 7, "position": "", "special": false}}, {"pk": 342, "model": "event.event", "fields": {"comment": "", "end": null, "event_type": 6, "title": "", "start": "2014-04-18T21:38:28.794Z", "participants": [], "owner": 7, "position": "", "special": false}}, {"pk": 343, "model": "event.event", "fields": {"comment": "", "end": null, "event_type": 7, "title": "", "start": "2014-04-18T21:38:28.873Z", "participants": [], "owner": 7, "position": "", "special": false}}, {"pk": 344, "model": "event.event", "fields": {"comment": "", "end": null, "event_type": 8, "title": "", "start": "2014-04-18T21:38:28.948Z", "participants": [], "owner": 7, "position": "", "special": false}}, {"pk": 345, "model": "event.event", "fields": {"comment": "", "end": null, "event_type": 9, "title": "", "start": "2014-04-18T21:38:29.032Z", "participants": [], "owner": 7, "position": "", "special": false}}, {"pk": 346, "model": "event.event", "fields": {"comment": "", "end": null, "event_type": 10, "title": "", "start": "2014-04-18T21:38:29.147Z", "participants": [], "owner": 7, "position": "", "special": false}}, {"pk": 347, "model": "event.event", "fields": {"comment": "", "end": null, "event_type": 1, "title": "", "start": "2014-04-18T21:38:29.232Z", "participants": [], "owner": 8, "position": "", "special": false}}, {"pk": 348, "model": "event.event", "fields": {"comment": "", "end": null, "event_type": 2, "title": "", "start": "2014-04-18T21:38:29.313Z", "participants": [], "owner": 8, "position": "", "special": false}}, {"pk": 349, "model": "event.event", "fields": {"comment": "", "end": null, "event_type": 3, "title": "", "start": "2014-04-18T21:38:29.518Z", "participants": [], "owner": 8, "position": "", "special": false}}, {"pk": 350, "model": "event.event", "fields": {"comment": "", "end": null, "event_type": 4, "title": "", "start": "2014-04-18T21:38:29.611Z", "participants": [], "owner": 8, "position": "", "special": false}}, {"pk": 351, "model": "event.event", "fields": {"comment": "", "end": null, "event_type": 5, "title": "", "start": "2014-04-18T21:38:29.725Z", "participants": [], "owner": 8, "position": "", "special": false}}, {"pk": 352, "model": "event.event", "fields": {"comment": "", "end": null, "event_type": 6, "title": "", "start": "2014-04-18T21:38:29.837Z", "participants": [], "owner": 8, "position": "", "special": false}}, {"pk": 353, "model": "event.event", "fields": {"comment": "", "end": null, "event_type": 7, "title": "", "start": "2014-04-18T21:38:29.925Z", "participants": [], "owner": 8, "position": "", "special": false}}, {"pk": 354, "model": "event.event", "fields": {"comment": "", "end": null, "event_type": 8, "title": "", "start": "2014-04-18T21:38:30.009Z", "participants": [], "owner": 8, "position": "", "special": false}}, {"pk": 355, "model": "event.event", "fields": {"comment": "", "end": null, "event_type": 9, "title": "", "start": "2014-04-18T21:38:30.092Z", "participants": [], "owner": 8, "position": "", "special": false}}, {"pk": 356, "model": "event.event", "fields": {"comment": "", "end": null, "event_type": 10, "title": "", "start": "2014-04-18T21:38:30.215Z", "participants": [], "owner": 8, "position": "", "special": false}}, {"pk": 1, "model": "admin.logentry", "fields": {"action_flag": 2, "action_time": "2014-04-18T19:20:52.193Z", "object_repr": "toto", "object_id": "9", "change_message": "Changed password.", "user": 9, "content_type": 4}}, {"pk": 2, "model": "admin.logentry", "fields": {"action_flag": 2, "action_time": "2014-04-18T19:25:07.341Z", "object_repr": "toto", "object_id": "9", "change_message": "Changed password.", "user": 9, "content_type": 4}}, {"pk": 3, "model": "admin.logentry", "fields": {"action_flag": 2, "action_time": "2014-04-18T19:25:16.220Z", "object_repr": "toto", "object_id": "9", "change_message": "Changed password.", "user": 9, "content_type": 4}}, {"pk": 4, "model": "admin.logentry", "fields": {"action_flag": 2, "action_time": "2014-04-18T19:25:26.765Z", "object_repr": "toto", "object_id": "9", "change_message": "Changed password.", "user": 9, "content_type": 4}}, {"pk": 5, "model": "admin.logentry", "fields": {"action_flag": 2, "action_time": "2014-04-18T19:25:35.637Z", "object_repr": "toto", "object_id": "9", "change_message": "Changed password.", "user": 9, "content_type": 4}}, {"pk": 6, "model": "admin.logentry", "fields": {"action_flag": 2, "action_time": "2014-04-18T19:25:44.789Z", "object_repr": "toto", "object_id": "9", "change_message": "Changed password.", "user": 9, "content_type": 4}}, {"pk": 7, "model": "admin.logentry", "fields": {"action_flag": 2, "action_time": "2014-04-18T19:25:57.748Z", "object_repr": "toto", "object_id": "9", "change_message": "Changed password.", "user": 9, "content_type": 4}}, {"pk": 8, "model": "admin.logentry", "fields": {"action_flag": 2, "action_time": "2014-04-18T19:26:06.781Z", "object_repr": "toto", "object_id": "9", "change_message": "Changed password.", "user": 9, "content_type": 4}}, {"pk": 9, "model": "admin.logentry", "fields": {"action_flag": 1, "action_time": "2014-04-18T19:33:43.738Z", "object_repr": "standard", "object_id": "1", "change_message": "", "user": 9, "content_type": 3}}, {"pk": 10, "model": "admin.logentry", "fields": {"action_flag": 2, "action_time": "2014-04-18T19:34:21.289Z", "object_repr": "alex", "object_id": "4", "change_message": "Changed groups.", "user": 9, "content_type": 4}}, {"pk": 11, "model": "admin.logentry", "fields": {"action_flag": 2, "action_time": "2014-04-18T19:34:47.679Z", "object_repr": "charles", "object_id": "7", "change_message": "Changed groups.", "user": 9, "content_type": 4}}, {"pk": 12, "model": "admin.logentry", "fields": {"action_flag": 2, "action_time": "2014-04-18T19:35:25.204Z", "object_repr": "chuck", "object_id": "5", "change_message": "Changed groups.", "user": 9, "content_type": 4}}, {"pk": 13, "model": "admin.logentry", "fields": {"action_flag": 2, "action_time": "2014-04-18T19:35:29.540Z", "object_repr": "dick", "object_id": "3", "change_message": "No fields changed.", "user": 9, "content_type": 4}}, {"pk": 14, "model": "admin.logentry", "fields": {"action_flag": 2, "action_time": "2014-04-18T19:35:35.182Z", "object_repr": "jack", "object_id": "2", "change_message": "Changed groups.", "user": 9, "content_type": 4}}, {"pk": 15, "model": "admin.logentry", "fields": {"action_flag": 2, "action_time": "2014-04-18T19:35:41.261Z", "object_repr": "dick", "object_id": "3", "change_message": "Changed groups.", "user": 9, "content_type": 4}}, {"pk": 16, "model": "admin.logentry", "fields": {"action_flag": 2, "action_time": "2014-04-18T19:36:21.105Z", "object_repr": "toto", "object_id": "9", "change_message": "Changed groups.", "user": 9, "content_type": 4}}, {"pk": 17, "model": "admin.logentry", "fields": {"action_flag": 2, "action_time": "2014-04-18T19:36:26.383Z", "object_repr": "mike", "object_id": "6", "change_message": "Changed groups.", "user": 9, "content_type": 4}}, {"pk": 18, "model": "admin.logentry", "fields": {"action_flag": 2, "action_time": "2014-04-18T19:36:32.062Z", "object_repr": "michael", "object_id": "8", "change_message": "Changed groups.", "user": 9, "content_type": 4}}, {"pk": 19, "model": "admin.logentry", "fields": {"action_flag": 2, "action_time": "2014-04-18T19:36:37.988Z", "object_repr": "john", "object_id": "1", "change_message": "Changed groups.", "user": 9, "content_type": 4}}, {"pk": 20, "model": "admin.logentry", "fields": {"action_flag": 2, "action_time": "2014-04-18T19:37:05.399Z", "object_repr": "toto", "object_id": "9", "change_message": "Changed password.", "user": 9, "content_type": 4}}, {"pk": 21, "model": "admin.logentry", "fields": {"action_flag": 2, "action_time": "2014-04-18T19:37:16.555Z", "object_repr": "toto", "object_id": "9", "change_message": "Changed password.", "user": 9, "content_type": 4}}, {"pk": 22, "model": "admin.logentry", "fields": {"action_flag": 2, "action_time": "2014-04-18T19:37:50.145Z", "object_repr": "toto", "object_id": "9", "change_message": "Changed password.", "user": 9, "content_type": 4}}, {"pk": 23, "model": "admin.logentry", "fields": {"action_flag": 2, "action_time": "2014-04-18T19:38:18.431Z", "object_repr": "toto", "object_id": "9", "change_message": "Changed password.", "user": 9, "content_type": 4}}]